X.ID,time,wt,age,sex,amt,dvid,dv,mdv
1,0,66.7,50,1,100,0,.,1
1,0.5,66.7,50,1,.,1,0,0
1,1,66.7,50,1,.,1,1.9,0
1,2,66.7,50,1,.,1,3.3,0
1,3,66.7,50,1,.,1,6.6,0
1,6,66.7,50,1,.,1,9.1,0
1,9,66.7,50,1,.,1,10.8,0
1,12,66.7,50,1,.,1,8.6,0
1,24,66.7,50,1,.,1,5.6,0
1,36,66.7,50,1,.,1,4,0
1,48,66.7,50,1,.,1,2.7,0
1,72,66.7,50,1,.,1,0.8,0
1,96,66.7,50,1,.,1,.,1
1,120,66.7,50,1,.,1,.,1
2,0,66.7,50,1,100,0,.,1
2,24,66.7,50,1,.,1,9.2,0
2,36,66.7,50,1,.,1,8.5,0
2,48,66.7,50,1,.,1,6.4,0
2,72,66.7,50,1,.,1,4.8,0
2,96,66.7,50,1,.,1,3.1,0
2,120,66.7,50,1,.,1,2.5,0
3,0,66.7,31,1,100,0,.,1
3,0.5,66.7,31,1,.,1,0,0
3,2,66.7,31,1,.,1,8.4,0
3,3,66.7,31,1,.,1,9.7,0
3,6,66.7,31,1,.,1,9.8,0
3,12,66.7,31,1,.,1,11,0
3,24,66.7,31,1,.,1,8.3,0
3,36,66.7,31,1,.,1,7.7,0
3,48,66.7,31,1,.,1,6.3,0
3,72,66.7,31,1,.,1,4.1,0
3,96,66.7,31,1,.,1,3,0
3,120,66.7,31,1,.,1,1.4,0
4,0,80,40,1,120,0,.,1
4,3,80,40,1,.,1,12,0
4,6,80,40,1,.,1,13.2,0
4,9,80,40,1,.,1,14.4,0
4,24,80,40,1,.,1,9.6,0
4,36,80,40,1,.,1,8.2,0
4,48,80,40,1,.,1,7.8,0
4,72,80,40,1,.,1,5.8,0
4,96,80,40,1,.,1,4.3,0
4,120,80,40,1,.,1,3,0
5,0,40,46,0,60,0,.,1
5,3,40,46,0,.,1,11.1,0
5,6,40,46,0,.,1,11.9,0
5,9,40,46,0,.,1,9.8,0
5,12,40,46,0,.,1,11,0
5,24,40,46,0,.,1,8.5,0
5,36,40,46,0,.,1,7.6,0
5,48,40,46,0,.,1,5.4,0
5,72,40,46,0,.,1,4.5,0
5,96,40,46,0,.,1,3.3,0
5,120,40,46,0,.,1,2.3,0
6,0,75.3,43,1,113,0,.,1
6,6,75.3,43,1,.,1,8.6,0
6,12,75.3,43,1,.,1,8.6,0
6,24,75.3,43,1,.,1,7,0
6,36,75.3,43,1,.,1,5.7,0
6,48,75.3,43,1,.,1,4.7,0
6,72,75.3,43,1,.,1,3.3,0
6,96,75.3,43,1,.,1,2.3,0
6,120,75.3,43,1,.,1,1.7,0
7,0,60,36,0,90,0,.,1
7,3,60,36,0,.,1,13.4,0
7,6,60,36,0,.,1,12.4,0
7,9,60,36,0,.,1,12.7,0
7,12,60,36,0,.,1,8.8,0
7,24,60,36,0,.,1,6.1,0
7,36,60,36,0,.,1,3.5,0
7,48,60,36,0,.,1,1.8,0
7,72,60,36,0,.,1,1.5,0
7,96,60,36,0,.,1,1,0
7,120,60,36,0,.,1,.,1
8,0,90,41,1,135,0,.,1
8,2,90,41,1,.,1,17.6,0
8,3,90,41,1,.,1,17.3,0
8,6,90,41,1,.,1,15,0
8,9,90,41,1,.,1,15,0
8,12,90,41,1,.,1,12.4,0
8,24,90,41,1,.,1,7.9,0
8,36,90,41,1,.,1,7.9,0
8,48,90,41,1,.,1,5.1,0
8,72,90,41,1,.,1,3.6,0
8,96,90,41,1,.,1,2.4,0
8,120,90,41,1,.,1,2,0
9,0,50,27,0,75,0,.,1
9,0.5,50,27,0,.,1,0,0
9,1,50,27,0,.,1,1,0
9,2,50,27,0,.,1,4.6,0
9,3,50,27,0,.,1,12.7,0
9,3,50,27,0,.,1,8,0
9,6,50,27,0,.,1,12.7,0
9,6,50,27,0,.,1,11.5,0
9,9,50,27,0,.,1,12.9,0
9,9,50,27,0,.,1,11.4,0
9,12,50,27,0,.,1,11.4,0
9,12,50,27,0,.,1,11,0
9,24,50,27,0,.,1,9.1,0
9,36,50,27,0,.,1,8.2,0
9,48,50,27,0,.,1,5.9,0
9,72,50,27,0,.,1,3.6,0
9,96,50,27,0,.,1,1.7,0
9,120,50,27,0,.,1,1.1,0
10,0,70,28,1,105,0,.,1
10,24,70,28,1,.,1,8.6,0
10,36,70,28,1,.,1,8,0
10,48,70,28,1,.,1,6,0
10,72,70,28,1,.,1,4.4,0
10,96,70,28,1,.,1,3.6,0
10,120,70,28,1,.,1,2.8,0
12,0,82,31,1,123,0,.,1
12,1.5,82,31,1,.,1,11.4,0
12,3,82,31,1,.,1,15.4,0
12,6,82,31,1,.,1,17.5,0
12,12,82,31,1,.,1,14,0
12,24,82,31,1,.,1,9,0
12,36,82,31,1,.,1,8.9,0
12,48,82,31,1,.,1,6.6,0
12,72,82,31,1,.,1,4.2,0
12,96,82,31,1,.,1,3.6,0
12,120,82,31,1,.,1,2.6,0
13,0,75.3,32,1,113,0,.,1
13,1.5,75.3,32,1,.,1,0.6,0
13,6,75.3,32,1,.,1,13.8,0
13,9,75.3,32,1,.,1,15,0
13,24,75.3,32,1,.,1,10.5,0
13,36,75.3,32,1,.,1,9.1,0
13,48,75.3,32,1,.,1,6.6,0
13,72,75.3,32,1,.,1,4.9,0
13,96,75.3,32,1,.,1,2.4,0
13,120,75.3,32,1,.,1,1.9,0
14,0,75.3,63,1,113,0,.,1
14,0.5,75.3,63,1,.,1,.,1
14,1.5,75.3,63,1,.,1,3.6,0
14,2,75.3,63,1,.,1,.,1
14,3,75.3,63,1,.,1,12.9,0
14,6,75.3,63,1,.,1,12.9,0
14,9,75.3,63,1,.,1,10.2,0
14,24,75.3,63,1,.,1,6.4,0
14,36,75.3,63,1,.,1,6.9,0
14,48,75.3,63,1,.,1,4.5,0
14,72,75.3,63,1,.,1,3.2,0
14,96,75.3,63,1,.,1,2.4,0
14,120,75.3,63,1,.,1,1.3,0
15,0,50,36,0,75,0,.,1
15,0.5,50,36,0,.,1,0,0
15,1,50,36,0,.,1,2.7,0
15,2,50,36,0,.,1,11.6,0
15,3,50,36,0,.,1,11.6,0
15,6,50,36,0,.,1,11.3,0
15,9,50,36,0,.,1,9.7,0
15,24,50,36,0,.,1,6.5,0
15,36,50,36,0,.,1,5.2,0
15,48,50,36,0,.,1,3.6,0
15,72,50,36,0,.,1,2.4,0
15,96,50,36,0,.,1,0.9,0
15,120,50,36,0,.,1,.,1
16,0,56.7,27,0,85,0,.,1
16,1,56.7,27,0,.,1,6.6,0
16,3,56.7,27,0,.,1,11.9,0
16,6,56.7,27,0,.,1,11.7,0
16,9,56.7,27,0,.,1,12.2,0
16,24,56.7,27,0,.,1,8.1,0
16,36,56.7,27,0,.,1,7.4,0
16,48,56.7,27,0,.,1,6.8,0
16,72,56.7,27,0,.,1,5.3,0
16,96,56.7,27,0,.,1,3,0
16,120,56.7,27,0,.,1,2,0
17,0,58,22,1,87,0,.,1
17,24,58,22,1,.,1,10.4,0
17,36,58,22,1,.,1,8.9,0
17,48,58,22,1,.,1,7,0
17,72,58,22,1,.,1,4.4,0
17,96,58,22,1,.,1,3.2,0
17,120,58,22,1,.,1,2.4,0
18,0,78,28,1,117,0,.,1
18,24,78,28,1,.,1,7.6,0
18,36,78,28,1,.,1,6.4,0
18,48,78,28,1,.,1,6,0
18,72,78,28,1,.,1,4,0
18,96,78,28,1,.,1,3.1,0
18,120,78,28,1,.,1,2,0
19,0,74.7,31,1,112,0,.,1
19,24,74.7,31,1,.,1,7.6,0
19,36,74.7,31,1,.,1,6.6,0
19,48,74.7,31,1,.,1,5.4,0
19,72,74.7,31,1,.,1,3.4,0
19,96,74.7,31,1,.,1,1.2,0
19,120,74.7,31,1,.,1,0.9,0
20,0,63.7,22,1,95.5,0,.,1
20,24,63.7,22,1,.,1,6.6,0
20,36,63.7,22,1,.,1,5.3,0
20,48,63.7,22,1,.,1,3.6,0
20,72,63.7,22,1,.,1,2.7,0
20,96,63.7,22,1,.,1,1.4,0
20,120,63.7,22,1,.,1,1.1,0
21,0,59,22,1,88.5,0,.,1
21,24,59,22,1,.,1,9.6,0
21,36,59,22,1,.,1,8,0
21,48,59,22,1,.,1,6.6,0
21,72,59,22,1,.,1,5.6,0
21,96,59,22,1,.,1,3.5,0
21,120,59,22,1,.,1,2.3,0
22,0,62,27,1,93,0,.,1
22,24,62,27,1,.,1,7.3,0
22,36,62,27,1,.,1,6.1,0
22,48,62,27,1,.,1,4.3,0
22,72,62,27,1,.,1,3.2,0
22,96,62,27,1,.,1,2.3,0
22,120,62,27,1,.,1,1.9,0
23,0,58,22,1,87,0,.,1
23,24,58,22,1,.,1,8.9,0
23,36,58,22,1,.,1,8.4,0
23,48,58,22,1,.,1,8,0
23,72,58,22,1,.,1,4.4,0
23,96,58,22,1,.,1,3.2,0
23,120,58,22,1,.,1,1.7,0
24,0,73.3,22,1,110,0,.,1
24,24,73.3,22,1,.,1,9.8,0
24,36,73.3,22,1,.,1,8.4,0
24,48,73.3,22,1,.,1,6.6,0
24,72,73.3,22,1,.,1,4.8,0
24,96,73.3,22,1,.,1,3.2,0
24,120,73.3,22,1,.,1,2.4,0
25,0,76.7,35,1,115,0,.,1
25,24,76.7,35,1,.,1,8.2,0
25,36,76.7,35,1,.,1,7.5,0
25,48,76.7,35,1,.,1,6.8,0
25,72,76.7,35,1,.,1,5.5,0
25,96,76.7,35,1,.,1,4.5,0
25,120,76.7,35,1,.,1,3.7,0
26,0,74.7,23,1,112,0,.,1
26,24,74.7,23,1,.,1,11,0
26,36,74.7,23,1,.,1,10,0
26,48,74.7,23,1,.,1,8.2,0
26,72,74.7,23,1,.,1,6,0
26,96,74.7,23,1,.,1,3.7,0
26,120,74.7,23,1,.,1,2.6,0
27,0,80,23,1,120,0,.,1
27,24,80,23,1,.,1,10,0
27,36,80,23,1,.,1,9,0
27,48,80,23,1,.,1,7.3,0
27,72,80,23,1,.,1,5.2,0
27,96,80,23,1,.,1,3.7,0
27,120,80,23,1,.,1,2.7,0
28,0,80,22,1,120,0,.,1
28,24,80,22,1,.,1,11.8,0
28,36,80,22,1,.,1,9.2,0
28,48,80,22,1,.,1,7.7,0
28,72,80,22,1,.,1,4.9,0
28,96,80,22,1,.,1,3.4,0
28,120,80,22,1,.,1,2.7,0
29,0,80,22,1,120,0,.,1
29,24,80,22,1,.,1,10.1,0
29,36,80,22,1,.,1,8,0
29,48,80,22,1,.,1,6,0
29,72,80,22,1,.,1,4.9,0
29,96,80,22,1,.,1,3.4,0
29,120,80,22,1,.,1,2,0
30,0,102,22,1,153,0,.,1
30,24,102,22,1,.,1,8.3,0
30,36,102,22,1,.,1,7,0
30,48,102,22,1,.,1,5.6,0
30,72,102,22,1,.,1,4.1,0
30,96,102,22,1,.,1,3.1,0
30,120,102,22,1,.,1,2.2,0
31,0,70,23,1,105,0,.,1
31,24,70,23,1,.,1,9.9,0
31,36,70,23,1,.,1,7.5,0
31,48,70,23,1,.,1,6.5,0
31,72,70,23,1,.,1,4.1,0
31,96,70,23,1,.,1,2.9,0
31,120,70,23,1,.,1,2.3,0
32,0,83.3,24,1,125,0,.,1
32,24,83.3,24,1,.,1,9.5,0
32,36,83.3,24,1,.,1,7.8,0
32,48,83.3,24,1,.,1,6.4,0
32,72,83.3,24,1,.,1,4.5,0
32,96,83.3,24,1,.,1,3.4,0
32,120,83.3,24,1,.,1,2.5,0
33,0,62,21,1,93,0,.,1
33,24,62,21,1,.,1,8.9,0
33,36,62,21,1,.,1,7.7,0
33,48,62,21,1,.,1,6.9,0
33,72,62,21,1,.,1,4.4,0
33,96,62,21,1,.,1,3.5,0
33,120,62,21,1,.,1,2.5,0
